year;kt;abbr;canton;population;variation_absolue;variation_pourcent;Naissance_vivante;Deces;Accroissement_naturel
1991;1;ZH;Zurich;1151718;8469;0.7;13067;10807;2260
1991;2;BE;Berne;949770;7345;0.8;11210;9607;1781
1991;3;LU;Lucerne;326283;4859;1.5;4615;2799;1816
1991;4;UR;Uri;35363;334;1;445;309;136
1991;5;SZ;Schwytz;113553;2478;2.2;1621;910;711
1991;6;OW;Obwald;29712;695;2.4;429;265;164
1991;7;NW;Nidwald;34344;666;2;523;248;275
1991;8;GL;Glaris;38720;520;1.4;523;412;111
1991;9;ZG;Zoug;85882;1470;1.7;1072;568;504
1991;10;FR;Fribourg;210783;4109;2;3077;1853;1224
1991;11;SO;Soleure;232600;3514;1.5;2809;2198;611
1991;12;BS;Bâle-Ville;195647;1819;0.9;1964;2636;-672
1991;13;BL;Bâle-Campagne;232333;1030;0.4;2677;1792;708
1991;14;SH;Schaffhouse;72457;780;1.1;856;718;138
1991;15;AR;Appenzell Rh.-Ext.;52437;884;1.7;736;559;177
1991;16;AI;Appenzell Rh.-Int.;14251;143;1;245;154;91
1991;17;SG;Saint-Gall;427648;6472;1.5;6129;3763;2366
1991;18;GR;Grisons;176188;2665;1.5;2345;1596;749
1991;19;AG;Argovie;506818;8783;1.8;6553;3954;2599
1991;20;TG;Thurgovie;210542;4222;2;3065;1829;1236
1991;21;TI;Tessin;290000;3256;1.1;2898;2635;263
1991;22;VD;Vaud;587283;9759;1.7;8186;5482;2704
1991;23;VS;Valais;257730;5768;2.3;3561;1962;1599
1991;24;NE;Neuchâtel;161774;2052;1.3;1983;1690;293
1991;25;GE;Genève;381404;2749;0.7;4739;3244;1495
1991;26;JU;Jura;67528;739;1.1;872;644;227
1992;1;ZH;Zurich;1158077;6359;0.6;13179;10677;2502
1992;2;BE;Berne;953458;3688;0.4;11279;9547;1910
1992;3;LU;Lucerne;331830;5547;1.7;4650;2789;1861
1992;4;UR;Uri;35544;181;0.5;478;289;189
1992;5;SZ;Schwytz;116090;2537;2.2;1686;937;749
1992;6;OW;Obwald;30247;535;1.8;418;252;166
1992;7;NW;Nidwald;34866;522;1.5;518;267;251
1992;8;GL;Glaris;38976;256;0.7;508;382;126
1992;9;ZG;Zoug;87065;1183;1.4;1116;578;538
1992;10;FR;Fribourg;214555;3772;1.8;3162;1840;1322
1992;11;SO;Soleure;234878;2278;1;2803;2079;724
1992;12;BS;Bâle-Ville;196634;987;0.5;1918;2620;-702
1992;13;BL;Bâle-Campagne;233151;818;0.4;2776;1765;834
1992;14;SH;Schaffhouse;73028;571;0.8;853;750;103
1992;15;AR;Appenzell Rh.-Ext.;53449;1012;1.9;772;565;207
1992;16;AI;Appenzell Rh.-Int.;14548;297;2.1;260;139;121
1992;17;SG;Saint-Gall;432819;5171;1.2;6006;3891;2115
1992;18;GR;Grisons;179279;3091;1.8;2433;1599;834
1992;19;AG;Argovie;511979;5161;1;6602;3955;2647
1992;20;TG;Thurgovie;213167;2625;1.2;3017;1839;1178
1992;21;TI;Tessin;294108;4108;1.4;2951;2670;281
1992;22;VD;Vaud;593007;5724;1;8056;5502;2554
1992;23;VS;Valais;262389;4659;1.8;3784;1988;1796
1992;24;NE;Neuchâtel;162581;807;0.5;2068;1636;432
1992;25;GE;Genève;383911;2507;0.7;4695;3084;1611
1992;26;JU;Jura;68323;795;1.2;922;662;259
1993;1;ZH;Zurich;1162083;4006;0.3;12822;10558;2264
1993;2;BE;Berne;956617;3159;0.3;10650;9536;1268
1993;3;LU;Lucerne;335385;3555;1.1;4556;2781;1775
1993;4;UR;Uri;35727;183;0.5;453;310;143
1993;5;SZ;Schwytz;118528;2438;2.1;1667;988;679
1993;6;OW;Obwald;30837;590;2;412;252;160
1993;7;NW;Nidwald;35393;527;1.5;471;256;215
1993;8;GL;Glaris;39138;162;0.4;467;445;22
1993;9;ZG;Zoug;88583;1518;1.7;1088;557;531
1993;10;FR;Fribourg;218704;4149;1.9;3109;1779;1330
1993;11;SO;Soleure;236389;1511;0.6;2777;2222;555
1993;12;BS;Bâle-Ville;197403;769;0.4;1985;2554;-569
1993;13;BL;Bâle-Campagne;234910;1759;0.8;2605;1740;713
1993;14;SH;Schaffhouse;73588;560;0.8;848;795;53
1993;15;AR;Appenzell Rh.-Ext.;54087;638;1.2;758;527;231
1993;16;AI;Appenzell Rh.-Int.;14680;132;0.9;260;136;124
1993;17;SG;Saint-Gall;436967;4148;1;5645;3774;1871
1993;18;GR;Grisons;181957;2678;1.5;2280;1617;663
1993;19;AG;Argovie;518945;6966;1.4;6275;3996;2279
1993;20;TG;Thurgovie;217129;3962;1.9;2936;1932;1004
1993;21;TI;Tessin;297955;3847;1.3;2969;2674;295
1993;22;VD;Vaud;596736;3729;0.6;7663;5597;2066
1993;23;VS;Valais;266713;4324;1.6;3505;2038;1467
1993;24;NE;Neuchâtel;163884;1303;0.8;2071;1608;463
1993;25;GE;Genève;387606;3695;1;4655;3136;1519
1993;26;JU;Jura;68626;303;0.4;835;704;129
1994;1;ZH;Zurich;1168567;6484;0.6;12769;10675;2094
1994;2;BE;Berne;941747;600;0.1;10554;9175;1380
1994;3;LU;Lucerne;337941;2556;0.8;4348;2796;1552
1994;4;UR;Uri;35933;206;0.6;445;293;152
1994;5;SZ;Schwytz;120576;2048;1.7;1668;919;749
1994;6;OW;Obwald;30958;121;0.4;396;278;118
1994;7;NW;Nidwald;35983;590;1.7;468;234;234
1994;8;GL;Glaris;39388;250;0.6;508;412;96
1994;9;ZG;Zoug;90412;1829;2.1;1140;563;577
1994;10;FR;Fribourg;222227;3523;1.6;3106;1910;1196
1994;11;SO;Soleure;237338;949;0.4;2642;2267;375
1994;12;BS;Bâle-Ville;197054;-349;-0.2;1985;2547;-562
1994;13;BL;Bâle-Campagne;251259;879;0.4;2564;1845;719
1994;14;SH;Schaffhouse;73894;306;0.4;866;750;116
1994;15;AR;Appenzell Rh.-Ext.;54227;140;0.3;696;542;154
1994;16;AI;Appenzell Rh.-Int.;14742;62;0.4;233;134;99
1994;17;SG;Saint-Gall;440744;3777;0.9;5671;3808;1863
1994;18;GR;Grisons;184155;2198;1.2;2088;1569;519
1994;19;AG;Argovie;523114;4169;0.8;6233;3851;2382
1994;20;TG;Thurgovie;220335;3206;1.5;2914;1746;1168
1994;21;TI;Tessin;302131;4176;1.4;3108;2677;431
1994;22;VD;Vaud;602099;5363;0.9;7657;5329;2328
1994;23;VS;Valais;269341;2628;1;3494;2130;1364
1994;24;NE;Neuchâtel;164176;292;0.2;1939;1662;277
1994;25;GE;Genève;391699;4093;1.1;4635;3211;1424
1994;26;JU;Jura;68979;353;0.5;853;664;188
1995;1;ZH;Zurich;1175457;6890;0.6;12809;10839;1970
1995;2;BE;Berne;941952;205;0;10373;9521;854
1995;3;LU;Lucerne;340536;2595;0.8;4397;2831;1566
1995;4;UR;Uri;35876;-57;-0.2;439;335;104
1995;5;SZ;Schwytz;122409;1833;1.5;1706;902;804
1995;6;OW;Obwald;31310;352;1.1;400;260;140
1995;7;NW;Nidwald;36466;483;1.3;443;250;193
1995;8;GL;Glaris;39410;22;0.1;458;402;56
1995;9;ZG;Zoug;92392;1980;2.2;1145;622;523
1995;10;FR;Fribourg;224552;2325;1;3055;1896;1159
1995;11;SO;Soleure;239264;1926;0.8;2550;2221;329
1995;12;BS;Bâle-Ville;195759;-1295;-0.7;1854;2610;-756
1995;13;BL;Bâle-Campagne;252331;1072;0.4;2581;1878;703
1995;14;SH;Schaffhouse;74035;141;0.2;810;720;90
1995;15;AR;Appenzell Rh.-Ext.;54104;-123;-0.2;693;582;111
1995;16;AI;Appenzell Rh.-Int.;14750;8;0.1;214;135;79
1995;17;SG;Saint-Gall;442350;1606;0.4;5449;4000;1449
1995;18;GR;Grisons;185063;908;0.5;2135;1603;532
1995;19;AG;Argovie;528887;5773;1.1;6232;4080;2152
1995;20;TG;Thurgovie;223372;3037;1.4;2880;1790;1090
1995;21;TI;Tessin;305199;3068;1;3060;2694;366
1995;22;VD;Vaud;605677;3578;0.6;7663;5612;2051
1995;23;VS;Valais;271291;1950;0.7;3403;2086;1317
1995;24;NE;Neuchâtel;165258;1082;0.7;1977;1679;298
1995;25;GE;Genève;395466;3767;1;4629;3172;1457
1995;26;JU;Jura;69188;209;0.3;848;667;179
1996;1;ZH;Zurich;1178848;3391;0.3;12963;10804;2159
1996;2;BE;Berne;940928;-951;-0.1;10322;9456;866
1996;3;LU;Lucerne;341809;1273;0.4;4487;2841;1646
1996;4;UR;Uri;35861;-15;0;450;310;140
1996;5;SZ;Schwytz;123788;1379;1.1;1652;850;802
1996;6;OW;Obwald;31440;130;0.4;381;248;133
1996;7;NW;Nidwald;36794;328;0.9;442;265;177
1996;8;GL;Glaris;39161;-249;-0.6;469;407;62
1996;9;ZG;Zoug;93737;1345;1.5;1176;626;550
1996;10;FR;Fribourg;227866;3314;1.5;3146;1845;1301
1996;11;SO;Soleure;240777;1513;0.6;2654;2136;518
1996;12;BS;Bâle-Ville;194913;-846;-0.4;1959;2410;-451
1996;13;BL;Bâle-Campagne;253911;1580;0.6;2622;1888;734
1996;14;SH;Schaffhouse;73835;-200;-0.3;794;776;18
1996;15;AR;Appenzell Rh.-Ext.;54136;32;0.1;673;553;120
1996;16;AI;Appenzell Rh.-Int.;14833;83;0.6;220;126;94
1996;17;SG;Saint-Gall;443839;1489;0.3;5491;3715;1776
1996;18;GR;Grisons;185999;936;0.5;2176;1598;578
1996;19;AG;Argovie;531665;2778;0.5;6266;4040;2226
1996;20;TG;Thurgovie;224822;1450;0.6;2828;1889;939
1996;21;TI;Tessin;304830;-369;-0.1;3090;2742;348
1996;22;VD;Vaud;606471;794;0.1;7709;5553;2156
1996;23;VS;Valais;272315;1024;0.4;3411;2084;1327
1996;24;NE;Neuchâtel;165232;-26;0;1941;1629;312
1996;25;GE;Genève;394588;-878;-0.2;4853;3233;1620
1996;26;JU;Jura;68948;-313;-0.5;832;613;219
1997;1;ZH;Zurich;1181614;2766;0.2;12892;10769;2123
1997;2;BE;Berne;938647;-2281;-0.2;9796;9288;508
1997;3;LU;Lucerne;342916;1107;0.3;4261;2837;1424
1997;4;UR;Uri;35769;-92;-0.3;408;303;105
1997;5;SZ;Schwytz;125149;1361;1.1;1653;916;737
1997;6;OW;Obwald;31831;391;1.2;398;279;119
1997;7;NW;Nidwald;37232;438;1.2;425;228;197
1997;8;GL;Glaris;38735;-426;-1.1;433;437;-4
1997;9;ZG;Zoug;95098;1361;1.5;1177;648;529
1997;10;FR;Fribourg;229947;2081;0.9;3020;1892;1128
1997;11;SO;Soleure;241559;782;0.3;2608;2216;392
1997;12;BS;Bâle-Ville;193053;-1860;-1;1821;2549;-728
1997;13;BL;Bâle-Campagne;255305;1394;0.5;2575;1980;595
1997;14;SH;Schaffhouse;73741;-94;-0.1;820;723;97
1997;15;AR;Appenzell Rh.-Ext.;54011;-125;-0.2;647;572;75
1997;16;AI;Appenzell Rh.-Int.;14887;54;0.4;229;140;89
1997;17;SG;Saint-Gall;443880;41;0;5254;3896;1358
1997;18;GR;Grisons;185532;-467;-0.3;2013;1598;415
1997;19;AG;Argovie;534028;2363;0.4;6190;3909;2281
1997;20;TG;Thurgovie;225395;573;0.3;2749;1833;916
1997;21;TI;Tessin;305588;758;0.2;3051;2804;247
1997;22;VD;Vaud;608153;1682;0.3;7531;5438;2093
1997;23;VS;Valais;273362;1047;0.4;3206;2137;1069
1997;24;NE;Neuchâtel;165410;178;0.1;2001;1679;322
1997;25;GE;Genève;396659;2071;0.5;4612;3158;1454
1997;26;JU;Jura;68964;16;0;814;610;204
1998;1;ZH;Zurich;1187609;5995;0.5;12873;10556;2317
1998;2;BE;Berne;941144;2497;0.3;9560;9193;367
1998;3;LU;Lucerne;343254;338;0.1;4051;2739;1312
1998;4;UR;Uri;35612;-157;-0.4;413;312;101
1998;5;SZ;Schwytz;126479;1330;1.1;1521;935;586
1998;6;OW;Obwald;31989;158;0.5;402;278;124
1998;7;NW;Nidwald;37320;88;0.2;431;265;166
1998;8;GL;Glaris;38698;-37;-0.1;427;402;25
1998;9;ZG;Zoug;96517;1419;1.5;1184;653;531
1998;10;FR;Fribourg;232086;2139;0.9;3032;1907;1126
1998;11;SO;Soleure;243450;1891;0.8;2481;2165;316
1998;12;BS;Bâle-Ville;190505;-2548;-1.3;1789;2509;-720
1998;13;BL;Bâle-Campagne;256761;1456;0.6;2575;2039;536
1998;14;SH;Schaffhouse;73725;-16;0;717;764;-47
1998;15;AR;Appenzell Rh.-Ext.;53816;-195;-0.4;645;500;145
1998;16;AI;Appenzell Rh.-Int.;14873;-14;-0.1;201;149;52
1998;17;SG;Saint-Gall;444891;1011;0.2;5310;3887;1423
1998;18;GR;Grisons;186118;586;0.3;2040;1640;400
1998;19;AG;Argovie;536462;2434;0.5;5915;3980;1934
1998;20;TG;Thurgovie;226479;1084;0.5;2560;1807;753
1998;21;TI;Tessin;306179;591;0.2;3049;2780;269
1998;22;VD;Vaud;611613;3460;0.6;7410;5449;1961
1998;23;VS;Valais;274458;1096;0.4;3152;2146;1006
1998;24;NE;Neuchâtel;165594;184;0.1;1899;1664;235
1998;25;GE;Genève;398910;2251;0.6;4455;3198;1257
1998;26;JU;Jura;68995;31;0;857;652;205
1999;1;ZH;Zurich;1198569;10960;0.9;12917;10641;2276
1999;2;BE;Berne;943427;2283;0.2;9569;9329;240
1999;3;LU;Lucerne;345357;2103;0.6;4167;2758;1409
1999;4;UR;Uri;35487;-125;-0.4;404;321;83
1999;5;SZ;Schwytz;128248;1769;1.4;1552;899;653
1999;6;OW;Obwald;32225;236;0.7;392;272;120
1999;7;NW;Nidwald;37657;337;0.9;418;249;169
1999;8;GL;Glaris;38708;10;0;388;387;1
1999;9;ZG;Zoug;97758;1241;1.3;1101;636;465
1999;10;FR;Fribourg;234307;2221;1;2934;1888;1046
1999;11;SO;Soleure;243908;458;0.2;2517;2168;349
1999;12;BS;Bâle-Ville;188458;-2047;-1.1;1729;2442;-713
1999;13;BL;Bâle-Campagne;258602;1841;0.7;2553;2032;521
1999;14;SH;Schaffhouse;73552;-173;-0.2;739;753;-14
1999;15;AR;Appenzell Rh.-Ext.;53737;-79;-0.1;589;516;73
1999;16;AI;Appenzell Rh.-Int.;14946;73;0.5;190;147;43
1999;17;SG;Saint-Gall;447609;2718;0.6;5167;3826;1341
1999;18;GR;Grisons;186026;-92;0;2028;1589;439
1999;19;AG;Argovie;540639;4177;0.8;5775;4110;1665
1999;20;TG;Thurgovie;227285;806;0.4;2491;1828;663
1999;21;TI;Tessin;308498;2319;0.8;2963;2726;237
1999;22;VD;Vaud;616275;4662;0.8;7442;5378;2064
1999;23;VS;Valais;275632;1174;0.4;3063;2188;875
1999;24;NE;Neuchâtel;165649;55;0;1894;1619;275
1999;25;GE;Genève;403067;4157;1;4598;3089;1509
1999;26;JU;Jura;68818;-177;-0.3;828;712;116
2000;1;ZH;Zurich;1211647;13078;1.1;13211;10726;2485
2000;2;BE;Berne;943696;269;0;9365;9266;99
2000;3;LU;Lucerne;347209;1852;0.5;3894;2782;1112
2000;4;UR;Uri;35246;-241;-0.7;413;278;135
2000;5;SZ;Schwytz;130232;1984;1.5;1577;988;589
2000;6;OW;Obwald;32414;189;0.6;378;260;118
2000;7;NW;Nidwald;38000;343;0.9;420;240;180
2000;8;GL;Glaris;38546;-162;-0.4;380;364;16
2000;9;ZG;Zoug;99388;1630;1.7;1217;700;517
2000;10;FR;Fribourg;236339;2032;0.9;2918;1910;1008
2000;11;SO;Soleure;244015;107;0;2430;2187;243
2000;12;BS;Bâle-Ville;187667;-791;-0.4;1695;2416;-721
2000;13;BL;Bâle-Campagne;260036;1434;0.6;2485;1981;504
2000;14;SH;Schaffhouse;73305;-247;-0.3;693;760;-67
2000;15;AR;Appenzell Rh.-Ext.;53515;-222;-0.4;559;503;56
2000;16;AI;Appenzell Rh.-Int.;15021;75;0.5;184;146;38
2000;17;SG;Saint-Gall;449399;1790;0.4;5119;3716;1403
2000;18;GR;Grisons;186744;718;0.4;2011;1598;413
2000;19;AG;Argovie;544306;3667;0.7;5756;4079;1677
2000;20;TG;Thurgovie;227306;21;0;2554;1871;683
2000;21;TI;Tessin;310215;1717;0.6;3057;2812;245
2000;22;VD;Vaud;620294;4019;0.7;7587;5398;2189
2000;23;VS;Valais;276170;538;0.2;2991;2206;785
2000;24;NE;Neuchâtel;165731;82;0;1934;1638;296
2000;25;GE;Genève;408820;5753;1.4;4828;3034;1794
2000;26;JU;Jura;68794;-24;0;802;669;133
2001;1;ZH;Zurich;1226931;17259;1.4;12442;10447;1995
2001;2;BE;Berne;946310;2286;0.2;8613;9011;-398
2001;3;LU;Lucerne;350017;3544;1;3468;2750;718
2001;4;UR;Uri;34992;-198;-0.6;346;299;47
2001;5;SZ;Schwytz;131264;2409;1.9;1366;960;406
2001;6;OW;Obwald;32678;322;1;339;267;72
2001;7;NW;Nidwald;38389;579;1.5;369;255;114
2001;8;GL;Glaris;38216;20;0.1;360;389;-29
2001;9;ZG;Zoug;101022;1308;1.3;1105;654;451
2001;10;FR;Fribourg;240339;3295;1.4;2850;1846;1004
2001;11;SO;Soleure;245264;1596;0.7;2193;2120;73
2001;12;BS;Bâle-Ville;186469;-953;-0.5;1535;2318;-783
2001;13;BL;Bâle-Campagne;261083;1449;0.6;2334;1978;356
2001;14;SH;Schaffhouse;73229;204;0.3;619;730;-111
2001;15;AR;Appenzell Rh.-Ext.;53138;-341;-0.6;503;568;-65
2001;16;AI;Appenzell Rh.-Int.;14977;-35;-0.2;176;141;35
2001;17;SG;Saint-Gall;452904;2665;0.6;4696;3696;1000
2001;18;GR;Grisons;185225;-664;-0.4;1767;1639;128
2001;19;AG;Argovie;550298;6613;1.2;5252;4010;1242
2001;20;TG;Thurgovie;228206;725;0.3;2200;1758;442
2001;21;TI;Tessin;312528;1694;0.5;2715;2769;-54
2001;22;VD;Vaud;624980;5883;1;7049;5243;1806
2001;23;VS;Valais;278419;2105;0.8;2875;2190;685
2001;24;NE;Neuchâtel;166227;771;0.5;1828;1567;261
2001;25;GE;Genève;413618;5472;1.3;4526;3001;1525
2001;26;JU;Jura;68930;7;0;769;622;147
2002;1;ZH;Zurich;1241312;14381;1.2;12746;10402;2344
2002;2;BE;Berne;949590;3280;0.3;8498;9232;-734
2002;3;LU;Lucerne;351889;1872;0.5;3535;2714;821
2002;4;UR;Uri;35209;217;0.6;368;306;62
2002;5;SZ;Schwytz;133227;1963;1.5;1432;939;493
2002;6;OW;Obwald;32961;283;0.9;323;253;70
2002;7;NW;Nidwald;38736;347;0.9;377;254;123
2002;8;GL;Glaris;38322;106;0.3;331;382;-51
2002;9;ZG;Zoug;102407;1385;1.4;1065;672;393
2002;10;FR;Fribourg;243400;3061;1.3;2684;1883;801
2002;11;SO;Soleure;246280;1016;0.4;2237;2205;32
2002;12;BS;Bâle-Ville;186719;250;0.1;1589;2438;-849
2002;13;BL;Bâle-Campagne;262949;1866;0.7;2298;2011;287
2002;14;SH;Schaffhouse;73834;605;0.8;632;730;-98
2002;15;AR;Appenzell Rh.-Ext.;53097;-41;-0.1;467;485;-18
2002;16;AI;Appenzell Rh.-Int.;14985;8;0.1;185;138;47
2002;17;SG;Saint-Gall;455251;2347;0.5;4722;3744;978
2002;18;GR;Grisons;185771;546;0.3;1644;1632;12
2002;19;AG;Argovie;555782;5484;1;5394;3987;1407
2002;20;TG;Thurgovie;229904;1698;0.7;2249;1762;487
2002;21;TI;Tessin;315256;2728;0.9;2904;2788;116
2002;22;VD;Vaud;631039;6059;1;6788;5252;1536
2002;23;VS;Valais;281345;2926;1.1;2690;2225;465
2002;24;NE;Neuchâtel;166767;540;0.3;1820;1620;200
2002;25;GE;Genève;418747;5129;1.2;4646;3076;1570
2002;26;JU;Jura;69074;144;0.2;748;638;110
2003;1;ZH;Zurich;1249893;8581;0.7;12759;10583;2176
2003;2;BE;Berne;951957;2367;0.2;8404;9233;-829
2003;3;LU;Lucerne;353175;1286;0.4;3436;2754;682
2003;4;UR;Uri;35118;-91;-0.3;336;309;27
2003;5;SZ;Schwytz;134903;1676;1.3;1525;981;544
2003;6;OW;Obwald;33142;181;0.5;319;272;47
2003;7;NW;Nidwald;39070;334;0.9;375;259;116
2003;8;GL;Glaris;38502;180;0.5;370;423;-53
2003;9;ZG;Zoug;103642;1235;1.2;1157;690;467
2003;10;FR;Fribourg;246656;3256;1.3;2812;1934;878
2003;11;SO;Soleure;246807;527;0.2;2164;2293;-129
2003;12;BS;Bâle-Ville;186653;-66;0;1619;2413;-794
2003;13;BL;Bâle-Campagne;264402;1453;0.6;2285;2071;214
2003;14;SH;Schaffhouse;73968;134;0.2;666;725;-59
2003;15;AR;Appenzell Rh.-Ext.;52976;-121;-0.2;456;479;-23
2003;16;AI;Appenzell Rh.-Int.;15010;25;0.2;160;149;11
2003;17;SG;Saint-Gall;457289;2038;0.4;4638;3862;776
2003;18;GR;Grisons;186943;1172;0.6;1689;1652;37
2003;19;AG;Argovie;560674;4892;0.9;5463;4087;1376
2003;20;TG;Thurgovie;231836;1932;0.8;2155;1866;289
2003;21;TI;Tessin;317315;2059;0.7;2734;2923;-189
2003;22;VD;Vaud;639105;8066;1.3;6846;5417;1429
2003;23;VS;Valais;285008;3663;1.3;2645;2254;391
2003;24;NE;Neuchâtel;167047;280;0.2;1779;1516;263
2003;25;GE;Genève;423993;5246;1.3;4368;3230;1138
2003;26;JU;Jura;69064;-10;0;688;695;-7
2004;1;ZH;Zurich;1261810;11917;1;13242;10096;3146
2004;2;BE;Berne;955378;3421;0.4;8706;8821;-115
2004;3;LU;Lucerne;354731;1556;0.4;3478;2776;702
2004;4;UR;Uri;35083;-35;-0.1;350;291;59
2004;5;SZ;Schwytz;135989;1086;0.8;1512;1006;506
2004;6;OW;Obwald;33162;20;0.1;341;248;93
2004;7;NW;Nidwald;39497;427;1.1;374;251;123
2004;8;GL;Glaris;38317;-185;-0.5;330;397;-67
2004;9;ZG;Zoug;105244;1602;1.5;1102;660;442
2004;10;FR;Fribourg;250377;3721;1.5;2782;1918;864
2004;11;SO;Soleure;247379;572;0.2;2195;2167;28
2004;12;BS;Bâle-Ville;186753;100;0.1;1606;2155;-549
2004;13;BL;Bâle-Campagne;265305;903;0.3;2265;1953;312
2004;14;SH;Schaffhouse;73788;-180;-0.2;604;747;-143
2004;15;AR;Appenzell Rh.-Ext.;52841;-135;-0.3;458;494;-36
2004;16;AI;Appenzell Rh.-Int.;15029;19;0.1;151;120;31
2004;17;SG;Saint-Gall;458821;1532;0.3;4558;3671;887
2004;18;GR;Grisons;187812;869;0.5;1660;1572;88
2004;19;AG;Argovie;565122;4448;0.8;5558;3897;1661
2004;20;TG;Thurgovie;232978;1142;0.5;2225;1801;424
2004;21;TI;Tessin;319931;2616;0.8;2753;2708;45
2004;22;VD;Vaud;647382;8277;1.3;7064;5093;1971
2004;23;VS;Valais;287976;2968;1;2652;2260;392
2004;24;NE;Neuchâtel;167910;863;0.5;1716;1545;171
2004;25;GE;Genève;427396;3403;0.8;4714;2919;1795
2004;26;JU;Jura;69091;27;0;686;614;72
2005;1;ZH;Zurich;1272590;10780;0.9;13296;10240;3056
2005;2;BE;Berne;957064;1686;0.2;8595;8810;-215
2005;3;LU;Lucerne;356384;1653;0.5;3436;2821;615
2005;4;UR;Uri;35087;4;0;315;287;28
2005;5;SZ;Schwytz;137522;1533;1.1;1462;953;509
2005;6;OW;Obwald;33269;107;0.3;304;276;28
2005;7;NW;Nidwald;39803;306;0.8;379;256;123
2005;8;GL;Glaris;38173;-144;-0.4;329;413;-84
2005;9;ZG;Zoug;106496;1252;1.2;1143;688;455
2005;10;FR;Fribourg;253954;3577;1.4;2745;1873;872
2005;11;SO;Soleure;247937;558;0.2;2212;2206;6
2005;12;BS;Bâle-Ville;185601;-1152;-0.6;1629;2175;-546
2005;13;BL;Bâle-Campagne;266089;784;0.3;2268;2122;146
2005;14;SH;Schaffhouse;73764;-24;0;626;661;-35
2005;15;AR;Appenzell Rh.-Ext.;52561;-280;-0.5;448;479;-31
2005;16;AI;Appenzell Rh.-Int.;15220;191;1.3;150;114;36
2005;17;SG;Saint-Gall;459999;1178;0.3;4330;3779;551
2005;18;GR;Grisons;187803;-9;0;1528;1632;-104
2005;19;AG;Argovie;569344;4222;0.7;5495;4035;1460
2005;20;TG;Thurgovie;234332;1354;0.6;2109;1786;323
2005;21;TI;Tessin;322276;2345;0.7;2784;2791;-7
2005;22;VD;Vaud;654093;6711;1;7199;5142;2057
2005;23;VS;Valais;291575;3599;1.2;2814;2331;483
2005;24;NE;Neuchâtel;168444;534;0.3;1819;1562;257
2005;25;GE;Genève;430638;3242;0.8;4806;3054;1752
2005;26;JU;Jura;69110;19;0;682;638;44
2006;1;ZH;Zurich;1284052;11462;0.9;13533;9948;3585
2006;2;BE;Berne;958897;1833;0.2;8557;8830;-273
2006;3;LU;Lucerne;359110;2726;0.8;3579;2709;870
2006;4;UR;Uri;34948;-139;-0.4;344;298;46
2006;5;SZ;Schwytz;138832;1310;1;1422;917;505
2006;6;OW;Obwald;33755;486;1.5;351;213;138
2006;7;NW;Nidwald;40012;209;0.5;372;295;77
2006;8;GL;Glaris;38084;-89;-0.2;354;368;-14
2006;9;ZG;Zoug;107171;675;0.6;1154;626;528
2006;10;FR;Fribourg;258252;4298;1.7;2803;1856;947
2006;11;SO;Soleure;248613;676;0.3;2057;2164;-107
2006;12;BS;Bâle-Ville;184822;-779;-0.4;1613;2157;-544
2006;13;BL;Bâle-Campagne;267166;1077;0.4;2244;1966;278
2006;14;SH;Schaffhouse;73866;102;0.1;601;707;-106
2006;15;AR;Appenzell Rh.-Ext.;52509;-52;-0.1;448;488;-40
2006;16;AI;Appenzell Rh.-Int.;15300;80;0.5;153;131;22
2006;17;SG;Saint-Gall;461810;1811;0.4;4371;3573;798
2006;18;GR;Grisons;187920;117;0.1;1533;1588;-55
2006;19;AG;Argovie;574813;5469;1;5531;4031;1500
2006;20;TG;Thurgovie;235764;1432;0.6;2199;1778;421
2006;21;TI;Tessin;324851;2575;0.8;2792;2765;27
2006;22;VD;Vaud;662145;8052;1.2;7362;5327;2035
2006;23;VS;Valais;294608;3033;1;2771;2320;451
2006;24;NE;Neuchâtel;168912;468;0.3;1804;1604;200
2006;25;GE;Genève;433235;2597;0.6;4735;3012;1723
2006;26;JU;Jura;69292;182;0.3;688;612;76
2007;1;ZH;Zurich;1307567;23515;1.8;13850;10128;3722
2007;2;BE;Berne;962982;4085;0.4;8749;8861;-112
2007;3;LU;Lucerne;363475;4365;1.2;3638;2779;859
2007;4;UR;Uri;34989;41;0.1;327;316;11
2007;5;SZ;Schwytz;141024;2192;1.6;1401;921;480
2007;6;OW;Obwald;33997;242;0.7;363;295;68
2007;7;NW;Nidwald;40287;275;0.7;364;251;113
2007;8;GL;Glaris;38237;153;0.4;357;364;-7
2007;9;ZG;Zoug;109141;1970;1.8;1145;645;500
2007;10;FR;Fribourg;263241;4989;1.9;2792;1810;982
2007;11;SO;Soleure;250240;1627;0.7;2181;2200;-19
2007;12;BS;Bâle-Ville;185227;405;0.2;1617;1994;-377
2007;13;BL;Bâle-Campagne;269145;1979;0.7;2334;2082;252
2007;14;SH;Schaffhouse;74527;661;0.9;653;778;-125
2007;15;AR;Appenzell Rh.-Ext.;52654;145;0.3;441;481;-40
2007;16;AI;Appenzell Rh.-Int.;15471;171;1.1;170;134;36
2007;17;SG;Saint-Gall;465937;4127;0.9;4487;3709;778
2007;18;GR;Grisons;188762;842;0.4;1599;1685;-86
2007;19;AG;Argovie;581562;6749;1.2;5511;4072;1439
2007;20;TG;Thurgovie;238316;2552;1.1;2258;1835;423
2007;21;TI;Tessin;328580;3729;1.1;2813;2762;51
2007;22;VD;Vaud;672039;9894;1.5;7585;5321;2264
2007;23;VS;Valais;298580;3972;1.3;2723;2313;410
2007;24;NE;Neuchâtel;169782;870;0.5;1725;1619;106
2007;25;GE;Genève;438177;4942;1.1;4804;3086;1718
2007;26;JU;Jura;69555;263;0.4;607;648;-41
2008;1;ZH;Zurich;1332727;25160;1.9;14480;10163;4317
2008;2;BE;Berne;969299;6317;0.7;9020;8777;243
2008;3;LU;Lucerne;368742;5267;1.4;3815;2739;1076
2008;4;UR;Uri;35162;173;0.5;331;306;25
2008;5;SZ;Schwytz;143719;2695;1.9;1542;1048;494
2008;6;OW;Obwald;34429;432;1.3;354;275;79
2008;7;NW;Nidwald;40737;450;1.1;386;293;93
2008;8;GL;Glaris;38370;133;0.3;330;393;-63
2008;9;ZG;Zoug;110384;1243;1.1;1164;666;498
2008;10;FR;Fribourg;268537;5296;2;2895;1762;1133
2008;11;SO;Soleure;251830;1590;0.6;2184;2186;-2
2008;12;BS;Bâle-Ville;186672;1445;0.8;1656;2148;-492
2008;13;BL;Bâle-Campagne;271214;2069;0.8;2348;2115;233
2008;14;SH;Schaffhouse;75303;776;1;612;710;-98
2008;15;AR;Appenzell Rh.-Ext.;53054;400;0.8;489;499;-10
2008;16;AI;Appenzell Rh.-Int.;15549;78;0.5;166;139;27
2008;17;SG;Saint-Gall;471152;5215;1.1;4664;3726;938
2008;18;GR;Grisons;190459;1697;0.9;1597;1631;-34
2008;19;AG;Argovie;591632;10070;1.7;5915;4039;1876
2008;20;TG;Thurgovie;241811;3495;1.5;2187;1942;245
2008;21;TI;Tessin;332736;4156;1.3;2992;2795;197
2008;22;VD;Vaud;688245;16206;2.4;7520;5242;2278
2008;23;VS;Valais;303241;4661;1.6;2880;2381;499
2008;24;NE;Neuchâtel;170924;1142;0.7;1723;1585;138
2008;25;GE;Genève;446106;7929;1.8;4787;3065;1722
2008;26;JU;Jura;69822;267;0.4;654;608;46
2009;1;ZH;Zurich;1351297;18570;1.4;14879;10170;4709
2009;2;BE;Berne;974235;4936;0.5;9192;9025;167
2009;3;LU;Lucerne;372964;4222;1.1;3839;2927;912
2009;4;UR;Uri;35335;173;0.5;351;316;35
2009;5;SZ;Schwytz;144686;967;0.7;1451;1039;412
2009;6;OW;Obwald;35032;603;1.8;363;255;108
2009;7;NW;Nidwald;40794;57;0.1;353;294;59
2009;8;GL;Glaris;38479;109;0.3;320;393;-73
2009;9;ZG;Zoug;110890;506;0.5;1166;662;504
2009;10;FR;Fribourg;273159;4622;1.7;3029;1906;1123
2009;11;SO;Soleure;252748;918;0.4;2222;2231;-9
2009;12;BS;Bâle-Ville;187898;1226;0.7;1731;2161;-430
2009;13;BL;Bâle-Campagne;272815;1601;0.6;2395;2256;139
2009;14;SH;Schaffhouse;75657;354;0.5;660;722;-62
2009;15;AR;Appenzell Rh.-Ext.;53043;-11;0;466;455;11
2009;16;AI;Appenzell Rh.-Int.;15681;132;0.8;163;126;37
2009;17;SG;Saint-Gall;474676;3524;0.7;4794;3781;1013
2009;18;GR;Grisons;191861;1402;0.7;1619;1701;-82
2009;19;AG;Argovie;600040;8408;1.4;5822;4313;1509
2009;20;TG;Thurgovie;244805;2994;1.2;2310;1817;493
2009;21;TI;Tessin;335720;2984;0.9;2932;2861;71
2009;22;VD;Vaud;701526;13281;1.9;8032;5309;2723
2009;23;VS;Valais;307392;4151;1.4;2876;2444;432
2009;24;NE;Neuchâtel;171647;723;0.4;1804;1534;270
2009;25;GE;Genève;453292;7186;1.6;4837;3140;1697
2009;26;JU;Jura;70134;312;0.4;680;638;42
2010;1;ZH;Zurich;1368822;17525;1.3;15297;10283;5014
2010;2;BE;Berne;978248;4013;0.4;9381;9018;363
2010;3;LU;Lucerne;376395;3431;0.9;3912;2826;1086
2010;4;UR;Uri;35301;-34;-0.1;350;350;0
2010;5;SZ;Schwytz;146285;1599;1.1;1467;962;505
2010;6;OW;Obwald;35492;460;1.3;347;232;115
2010;7;NW;Nidwald;40922;128;0.3;373;302;71
2010;8;GL;Glaris;38568;89;0.2;322;398;-76
2010;9;ZG;Zoug;112237;1347;1.2;1165;706;459
2010;10;FR;Fribourg;277824;4665;1.7;3087;1893;1194
2010;11;SO;Soleure;254758;2010;0.8;2266;2174;92
2010;12;BS;Bâle-Ville;189431;1533;0.8;1859;2155;-296
2010;13;BL;Bâle-Campagne;273887;1072;0.4;2449;2228;221
2010;14;SH;Schaffhouse;76345;688;0.9;630;701;-71
2010;15;AR;Appenzell Rh.-Ext.;52938;-105;-0.2;505;488;17
2010;16;AI;Appenzell Rh.-Int.;15655;-26;-0.2;159;117;42
2010;17;SG;Saint-Gall;477746;3070;0.6;4852;3762;1090
2010;18;GR;Grisons;192702;841;0.4;1602;1608;-6
2010;19;AG;Argovie;608299;8259;1.4;6258;4323;1935
2010;20;TG;Thurgovie;247781;2976;1.2;2396;1918;478
2010;21;TI;Tessin;339946;4226;1.3;2953;2963;-10
2010;22;VD;Vaud;711818;10292;1.5;8129;5300;2829
2010;23;VS;Valais;311985;4593;1.5;3096;2445;651
2010;24;NE;Neuchâtel;171904;257;0.1;1750;1587;163
2010;25;GE;Genève;458559;5267;1.2;5007;3123;1884
2010;26;JU;Jura;70164;30;0;678;691;-13
2011;1;ZH;Zurich;1392396;19328;1.4;15592;10280;5312
2011;2;BE;Berne;985046;5244;0.5;9325;8984;341
2011;3;LU;Lucerne;381966;4356;1.2;4036;2764;1272
2011;4;UR;Uri;35382;-40;-0.1;326;318;8
2011;5;SZ;Schwytz;147904;1174;0.8;1417;1065;352
2011;6;OW;Obwald;35885;300;0.8;380;243;137
2011;7;NW;Nidwald;41311;287;0.7;374;274;100
2011;8;GL;Glaris;39217;609;1.6;340;364;-24
2011;9;ZG;Zoug;115104;1999;1.8;1200;720;480
2011;10;FR;Fribourg;284668;6175;2.2;3147;1973;1174
2011;11;SO;Soleure;256990;1706;0.7;2360;2190;170
2011;12;BS;Bâle-Ville;186255;1305;0.7;1848;2052;-204
2011;13;BL;Bâle-Campagne;275360;956;0.3;2451;2212;239
2011;14;SH;Schaffhouse;77139;783;1;699;716;-17
2011;15;AR;Appenzell Rh.-Ext.;53313;296;0.6;517;449;68
2011;16;AI;Appenzell Rh.-Int.;15743;55;0.4;177;141;36
2011;17;SG;Saint-Gall;483156;4249;0.9;4977;3665;1312
2011;18;GR;Grisons;193388;767;0.4;1724;1614;110
2011;19;AG;Argovie;618298;6832;1.1;6163;4379;1784
2011;20;TG;Thurgovie;251973;3529;1.4;2340;1869;471
2011;21;TI;Tessin;336943;3190;1;2949;2897;52
2011;22;VD;Vaud;725944;12663;1.8;7953;5191;2762
2011;23;VS;Valais;317022;4338;1.4;3107;2517;590
2011;24;NE;Neuchâtel;173183;1098;0.6;1763;1524;239
2011;25;GE;Genève;460534;2819;0.6;4981;3045;1936
2011;26;JU;Jura;70542;510;0.7;662;645;17
2012;1;ZH;Zurich;1408575;16179;1.2;15794;10500;5294
2012;2;BE;Berne;992617;7571;0.8;9658;9302;356
2012;3;LU;Lucerne;386082;4116;1.1;4087;2928;1159
2012;4;UR;Uri;35693;311;0.9;368;312;56
2012;5;SZ;Schwytz;149830;1926;1.3;1578;1035;543
2012;6;OW;Obwald;36115;230;0.6;383;271;112
2012;7;NW;Nidwald;41584;273;0.7;366;268;98
2012;8;GL;Glaris;39369;152;0.4;366;368;-2
2012;9;ZG;Zoug;116575;1471;1.3;1201;742;459
2012;10;FR;Fribourg;291395;6727;2.4;3131;1875;1256
2012;11;SO;Soleure;259283;2293;0.9;2401;2270;131
2012;12;BS;Bâle-Ville;187425;1170;0.6;1905;2097;-192
2012;13;BL;Bâle-Campagne;276537;1177;0.4;2494;2312;182
2012;14;SH;Schaffhouse;77955;816;1.1;711;741;-30
2012;15;AR;Appenzell Rh.-Ext.;53438;125;0.2;538;518;20
2012;16;AI;Appenzell Rh.-Int.;15717;-26;-0.2;171;135;36
2012;17;SG;Saint-Gall;487060;3904;0.8;4958;3937;1021
2012;18;GR;Grisons;193920;532;0.3;1645;1703;-58
2012;19;AG;Argovie;627340;9042;1.5;6404;4497;1907
2012;20;TG;Thurgovie;256213;4240;1.7;2425;1884;541
2012;21;TI;Tessin;341652;4709;1.4;2839;2998;-159
2012;22;VD;Vaud;734356;8412;1.2;8211;5552;2659
2012;23;VS;Valais;321732;4710;1.5;3045;2481;564
2012;24;NE;Neuchâtel;174554;1371;0.8;1784;1638;146
2012;25;GE;Genève;463101;2567;0.6;5030;3151;1879
2012;26;JU;Jura;70942;400;0.6;671;658;13
2013;1;ZH;Zurich;1425538;16963;1.2;15996;10792;5204
2013;2;BE;Berne;1001281;8664;0.9;9587;9527;60
2013;3;LU;Lucerne;390349;4267;1.1;4065;2879;1186
2013;4;UR;Uri;35865;172;0.5;325;341;-16
2013;5;SZ;Schwytz;151396;1566;1;1542;1094;448
2013;6;OW;Obwald;36507;392;1.1;340;279;61
2013;7;NW;Nidwald;41888;304;0.7;392;307;85
2013;8;GL;Glaris;39593;224;0.6;392;342;50
2013;9;ZG;Zoug;118118;1543;1.3;1258;764;494
2013;10;FR;Fribourg;297622;6227;2.1;3166;1965;1201
2013;11;SO;Soleure;261437;2154;0.8;2373;2286;87
2013;12;BS;Bâle-Ville;189335;1910;1;1894;2049;-155
2013;13;BL;Bâle-Campagne;278656;2119;0.8;2380;2384;-4
2013;14;SH;Schaffhouse;78783;828;1.1;734;731;3
2013;15;AR;Appenzell Rh.-Ext.;53691;253;0.5;498;514;-16
2013;16;AI;Appenzell Rh.-Int.;15778;61;0.4;180;138;42
2013;17;SG;Saint-Gall;491699;4639;1;5112;3728;1384
2013;18;GR;Grisons;194959;1039;0.5;1764;1721;43
2013;19;AG;Argovie;636362;9022;1.4;6423;4557;1866
2013;20;TG;Thurgovie;260278;4065;1.6;2489;1966;523
2013;21;TI;Tessin;346539;4887;1.4;2842;3057;-215
2013;22;VD;Vaud;749373;15017;2;8274;5410;2864
2013;23;VS;Valais;327011;5279;1.6;3142;2629;513
2013;24;NE;Neuchâtel;176402;1848;1.1;1716;1580;136
2013;25;GE;Genève;469433;6332;1.4;5167;3322;1845
2013;26;JU;Jura;71738;796;1.1;680;599;81
2014;1;ZH;Zurich;1446354;20816;1.5;16884;10521;6363
2014;2;BE;Berne;1009418;8137;0.8;9731;9111;620
2014;3;LU;Lucerne;394604;4255;1.1;4153;2900;1253
2014;4;UR;Uri;36008;143;0.4;324;320;4
2014;5;SZ;Schwytz;152759;1363;0.9;1545;1068;477
2014;6;OW;Obwald;36834;327;0.9;395;255;140
2014;7;NW;Nidwald;42080;192;0.5;377;300;77
2014;8;GL;Glaris;39794;201;0.5;378;372;6
2014;9;ZG;Zoug;120089;1971;1.7;1284;742;542
2014;10;FR;Fribourg;303377;5755;1.9;3369;2009;1360
2014;11;SO;Soleure;263719;2282;0.9;2418;2333;85
2014;12;BS;Bâle-Ville;190580;1245;0.7;1996;2138;-142
2014;13;BL;Bâle-Campagne;281301;2645;0.9;2534;2366;168
2014;14;SH;Schaffhouse;79417;634;0.8;725;772;-47
2014;15;AR;Appenzell Rh.-Ext.;54064;373;0.7;537;478;59
2014;16;AI;Appenzell Rh.-Int.;15854;76;0.5;166;131;35
2014;17;SG;Saint-Gall;495824;4125;0.8;5058;3805;1253
2014;18;GR;Grisons;195886;927;0.5;1803;1704;99
2014;19;AG;Argovie;645277;8915;1.4;6687;4510;2177
2014;20;TG;Thurgovie;263733;3455;1.3;2664;1958;706
2014;21;TI;Tessin;350363;3824;1.1;2908;2924;-16
2014;22;VD;Vaud;761446;12073;1.6;8387;5275;3112
2014;23;VS;Valais;331763;4752;1.5;3198;2501;697
2014;24;NE;Neuchâtel;177327;925;0.5;1803;1626;177
2014;25;GE;Genève;477385;7952;1.7;5282;3159;2123
2014;26;JU;Jura;72410;672;0.9;681;660;21
2015;1;ZH;Zurich;1466424;20070;1.4;16866;11156;5710
2015;2;BE;Berne;1017483;8065;0.8;10072;9644;428
2015;3;LU;Lucerne;398762;4158;1.1;4192;3137;1055
2015;4;UR;Uri;35973;-35;-0.1;322;367;-45
2015;5;SZ;Schwytz;154093;1334;0.9;1607;1164;443
2015;6;OW;Obwald;37076;242;0.7;359;270;89
2015;7;NW;Nidwald;42420;340;0.8;426;304;122
2015;8;GL;Glaris;40028;234;0.6;409;354;55
2015;9;ZG;Zoug;122134;2045;1.7;1295;735;560
2015;10;FR;Fribourg;307461;4084;1.3;3391;2049;1342
2015;11;SO;Soleure;266418;2699;1;2536;2500;36
2015;12;BS;Bâle-Ville;191817;1237;0.6;2032;2146;-114
2015;13;BL;Bâle-Campagne;283231;1930;0.7;2550;2525;25
2015;14;SH;Schaffhouse;79836;419;0.5;700;743;-43
2015;15;AR;Appenzell Rh.-Ext.;54543;479;0.9;558;508;50
2015;16;AI;Appenzell Rh.-Int.;15974;120;0.8;181;137;44
2015;17;SG;Saint-Gall;499065;3241;0.7;5363;3945;1418
2015;18;GR;Grisons;196610;724;0.4;1748;1734;14
2015;19;AG;Argovie;653675;8398;1.3;6707;4871;1836
2015;20;TG;Thurgovie;267429;3696;1.4;2785;1941;844
2015;21;TI;Tessin;351946;1583;0.5;2957;3294;-337
2015;22;VD;Vaud;773407;11961;1.6;8385;5599;2786
2015;23;VS;Valais;335696;3933;1.2;3247;2726;521
2015;24;NE;Neuchâtel;178107;780;0.4;1783;1655;128
2015;25;GE;Genève;484736;7351;1.5;5388;3405;1983
2015;26;JU;Jura;72782;372;0.5;700;697;3
2016;1;ZH;Zurich;1487969;21545;1.5;17051;10716;6335
2016;2;BE;Berne;1026513;9030;0.9;10113;9437;676
2016;3;LU;Lucerne;403397;4635;1.2;4265;2844;1421
2016;4;UR;Uri;36145;172;0.5;332;348;-16
2016;5;SZ;Schwytz;155863;1770;1.1;1559;1133;426
2016;6;OW;Obwald;37378;302;0.8;370;246;124
2016;7;NW;Nidwald;42556;136;0.3;398;296;102
2016;8;GL;Glaris;40147;119;0.3;414;370;44
2016;9;ZG;Zoug;123948;1814;1.5;1377;746;631
2016;10;FR;Fribourg;311914;4453;1.4;3501;2022;1479
2016;11;SO;Soleure;269441;3023;1.1;2591;2268;323
2016;12;BS;Bâle-Ville;193070;1253;0.7;2076;1988;88
2016;13;BL;Bâle-Campagne;285624;2393;0.8;2608;2432;176
2016;14;SH;Schaffhouse;80769;933;1.2;758;748;10
2016;15;AR;Appenzell Rh.-Ext.;54954;411;0.8;586;506;80
2016;16;AI;Appenzell Rh.-Int.;16003;29;0.2;186;155;31
2016;17;SG;Saint-Gall;502552;3487;0.7;5388;3845;1543
2016;18;GR;Grisons;197550;940;0.5;1806;1624;182
2016;19;AG;Argovie;663462;9787;1.5;6979;4761;2218
2016;20;TG;Thurgovie;270709;3280;1.2;2866;1968;898
2016;21;TI;Tessin;354375;2429;0.7;2806;2988;-182
2016;22;VD;Vaud;784822;11415;1.5;8730;5413;3317
2016;23;VS;Valais;339176;3480;1;3274;2612;662
2016;24;NE;Neuchâtel;178567;460;0.3;1804;1571;233
2016;25;GE;Genève;489524;4788;1;5361;3220;2141
2016;26;JU;Jura;73122;340;0.5;684;707;-23
2017;1;ZH;Zurich;1504346;16377;1.1;17070;11076;5994
2017;2;BE;Berne;1031126;4613;0.4;10141;9465;676
2017;3;LU;Lucerne;406506;3109;0.8;4384;3077;1307
2017;4;UR;Uri;36299;154;0.4;350;359;-9
2017;5;SZ;Schwytz;157301;1438;0.9;1510;1067;443
2017;6;OW;Obwald;37575;197;0.5;377;279;98
2017;7;NW;Nidwald;42969;413;1;418;334;84
2017;8;GL;Glaris;40349;202;0.5;378;378;0
2017;9;ZG;Zoug;125421;1473;1.2;1257;795;462
2017;10;FR;Fribourg;315074;3160;1;3428;2061;1367
2017;11;SO;Soleure;271432;1991;0.7;2555;2444;111
2017;12;BS;Bâle-Ville;193908;838;0.4;2069;2123;-54
2017;13;BL;Bâle-Campagne;287023;1399;0.5;2694;2462;232
2017;14;SH;Schaffhouse;81351;582;0.7;747;739;8
2017;15;AR;Appenzell Rh.-Ext.;55178;224;0.4;564;506;58
2017;16;AI;Appenzell Rh.-Int.;16105;102;0.6;186;121;65
2017;17;SG;Saint-Gall;504686;2134;0.4;5205;3886;1319
2017;18;GR;Grisons;197888;338;0.2;1712;1746;-34
2017;19;AG;Argovie;670988;7526;1.1;6914;4711;2203
2017;20;TG;Thurgovie;273801;3092;1.1;2809;1986;823
2017;21;TI;Tessin;353709;-666;-0.2;2774;3230;-456
2017;22;VD;Vaud;793129;8307;1.1;8686;5749;2937
2017;23;VS;Valais;341463;2287;0.7;3259;2759;500
2017;24;NE;Neuchâtel;177964;-603;-0.3;1758;1612;146
2017;25;GE;Genève;495249;5725;1.2;5441;3342;2099
2017;26;JU;Jura;73290;168;0.2;695;664;31